,filename,class
0,60.jpeg,33
1,314.jpeg,48
2,527.jpeg,35
3,1208.jpeg,18
4,674.jpeg,3
5,744.jpeg,10
6,1018.jpeg,8
7,71.jpeg,33
8,1477.jpeg,37
9,97.jpeg,19
10,275.jpeg,2
11,1347.jpeg,47
12,1338.jpeg,9
13,128.jpeg,2
14,10.jpeg,43
15,736.jpeg,10
16,1229.jpeg,34
17,54.jpeg,14
18,326.jpeg,26
19,525.jpeg,19
20,889.jpeg,26
21,1291.jpeg,49
22,57.jpeg,28
23,595.jpeg,25
24,79.jpeg,34
25,1240.jpeg,16
26,999.jpeg,8
27,1060.jpeg,6
28,841.jpeg,41
29,700.jpeg,24
30,273.jpeg,33
31,860.jpeg,29
32,1048.jpeg,7
33,643.jpeg,40
34,1454.jpeg,42
35,1395.jpeg,6
36,1480.jpeg,43
37,820.jpeg,28
38,816.jpeg,18
39,731.jpeg,35
40,1253.jpeg,49
41,29.jpeg,31
42,1237.jpeg,1
43,915.jpeg,46
44,1250.jpeg,47
45,42.jpeg,34
46,631.jpeg,10
47,434.jpeg,4
48,83.jpeg,25
49,1190.jpeg,7
50,1256.jpeg,7
51,1476.jpeg,34
52,1036.jpeg,19
53,96.jpeg,27
54,1365.jpeg,45
55,1149.jpeg,0
56,181.jpeg,47
57,851.jpeg,11
58,950.jpeg,27
59,1207.jpeg,0
60,155.jpeg,8
61,1337.jpeg,26
62,1286.jpeg,22
63,513.jpeg,28
64,1094.jpeg,15
65,1492.jpeg,20
66,1361.jpeg,10
67,238.jpeg,31
68,1270.jpeg,21
69,109.jpeg,20
70,1449.jpeg,15
71,953.jpeg,15
72,281.jpeg,13
73,924.jpeg,48
74,683.jpeg,6
75,133.jpeg,0
76,69.jpeg,49
77,111.jpeg,14
78,328.jpeg,29
79,1231.jpeg,8
80,1016.jpeg,41
81,724.jpeg,18
82,959.jpeg,18
83,910.jpeg,10
84,370.jpeg,21
85,364.jpeg,16
86,1043.jpeg,23
87,191.jpeg,47
88,200.jpeg,20
89,1344.jpeg,26
90,995.jpeg,7
91,1066.jpeg,33
92,1393.jpeg,20
93,781.jpeg,47
94,175.jpeg,31
95,684.jpeg,34
96,202.jpeg,7
97,787.jpeg,20
98,1339.jpeg,20
99,1111.jpeg,23
100,754.jpeg,0
101,1188.jpeg,23
102,639.jpeg,36
103,1277.jpeg,10
104,514.jpeg,38
105,798.jpeg,3
106,1076.jpeg,11
107,670.jpeg,23
108,516.jpeg,36
109,943.jpeg,36
110,812.jpeg,39
111,520.jpeg,18
112,1383.jpeg,46
113,1485.jpeg,44
114,1035.jpeg,33
115,1194.jpeg,24
116,1128.jpeg,18
117,705.jpeg,39
118,428.jpeg,29
119,1412.jpeg,46
120,572.jpeg,31
121,264.jpeg,20
122,967.jpeg,34
123,282.jpeg,26
124,162.jpeg,39
125,421.jpeg,30
126,252.jpeg,11
127,130.jpeg,20
128,497.jpeg,5
129,1104.jpeg,19
130,329.jpeg,30
131,1321.jpeg,40
132,1058.jpeg,34
133,952.jpeg,39
134,381.jpeg,38
135,682.jpeg,46
136,15.jpeg,42
137,343.jpeg,47
138,1118.jpeg,11
139,106.jpeg,39
140,605.jpeg,41
141,291.jpeg,18
142,405.jpeg,41
143,101.jpeg,25
144,892.jpeg,36
145,487.jpeg,19
146,634.jpeg,35
147,1020.jpeg,33
148,919.jpeg,31
149,1414.jpeg,4
150,997.jpeg,45
151,1174.jpeg,3
152,552.jpeg,2
153,1455.jpeg,0
154,1327.jpeg,20
155,515.jpeg,33
156,590.jpeg,26
157,1191.jpeg,9
158,41.jpeg,38
159,881.jpeg,35
160,371.jpeg,1
161,867.jpeg,8
162,380.jpeg,11
163,165.jpeg,22
164,1055.jpeg,45
165,627.jpeg,26
166,621.jpeg,39
167,1021.jpeg,16
168,678.jpeg,4
169,894.jpeg,2
170,290.jpeg,11
171,770.jpeg,12
172,435.jpeg,27
173,457.jpeg,28
174,153.jpeg,36
175,1407.jpeg,30
176,988.jpeg,6
177,140.jpeg,42
178,1051.jpeg,1
179,224.jpeg,31
180,184.jpeg,35
181,1498.jpeg,40
182,154.jpeg,40
183,886.jpeg,41
184,535.jpeg,18
185,1032.jpeg,49
186,651.jpeg,35
187,460.jpeg,17
188,121.jpeg,22
189,725.jpeg,13
190,1425.jpeg,35
191,1356.jpeg,45
192,134.jpeg,27
193,98.jpeg,39
194,1299.jpeg,31
195,461.jpeg,0
196,977.jpeg,41
197,1416.jpeg,40
198,1280.jpeg,32
199,1269.jpeg,21
200,90.jpeg,18
201,172.jpeg,11
202,6.jpeg,0
203,569.jpeg,17
204,1312.jpeg,10
205,814.jpeg,23
206,358.jpeg,47
207,1054.jpeg,7
208,756.jpeg,16
209,95.jpeg,3
210,283.jpeg,12
211,641.jpeg,46
212,695.jpeg,38
213,1175.jpeg,2
214,223.jpeg,43
215,1210.jpeg,36
216,804.jpeg,32
217,38.jpeg,19
218,1309.jpeg,22
219,566.jpeg,11
220,1322.jpeg,6
221,548.jpeg,30
222,708.jpeg,38
223,418.jpeg,19
224,122.jpeg,16
225,633.jpeg,44
226,783.jpeg,20
227,907.jpeg,5
228,979.jpeg,33
229,1340.jpeg,32
230,185.jpeg,20
231,166.jpeg,46
232,608.jpeg,35
233,508.jpeg,28
234,691.jpeg,0
235,1012.jpeg,4
236,214.jpeg,2
237,983.jpeg,17
238,1047.jpeg,30
239,1008.jpeg,21
240,1482.jpeg,21
241,1479.jpeg,23
242,206.jpeg,45
243,141.jpeg,19
244,607.jpeg,40
245,951.jpeg,0
246,875.jpeg,1
247,376.jpeg,27
248,1176.jpeg,42
249,1313.jpeg,4
250,308.jpeg,39
251,5.jpeg,39
252,1384.jpeg,37
253,1264.jpeg,23
254,1460.jpeg,41
255,1336.jpeg,14
256,1302.jpeg,8
257,575.jpeg,1
258,557.jpeg,46
259,662.jpeg,35
260,208.jpeg,35
261,584.jpeg,33
262,1245.jpeg,4
263,592.jpeg,39
264,656.jpeg,11
265,913.jpeg,4
266,230.jpeg,10
267,1413.jpeg,16
268,972.jpeg,19
269,763.jpeg,5
270,518.jpeg,7
271,1027.jpeg,35
272,225.jpeg,0
273,372.jpeg,16
274,432.jpeg,49
275,189.jpeg,28
276,1134.jpeg,8
277,612.jpeg,20
278,1084.jpeg,35
279,1151.jpeg,36
280,401.jpeg,9
281,1162.jpeg,45
282,1232.jpeg,21
283,269.jpeg,27
284,232.jpeg,40
285,753.jpeg,14
286,582.jpeg,40
287,402.jpeg,32
288,981.jpeg,46
289,1265.jpeg,9
290,863.jpeg,45
291,1239.jpeg,42
292,658.jpeg,5
293,1108.jpeg,3
294,1006.jpeg,22
295,1115.jpeg,30
296,941.jpeg,31
297,654.jpeg,7
298,1179.jpeg,17
299,1488.jpeg,26
300,874.jpeg,16
301,1221.jpeg,24
302,197.jpeg,2
303,588.jpeg,33
304,354.jpeg,7
305,1377.jpeg,16
306,365.jpeg,43
307,1196.jpeg,40
308,443.jpeg,3
309,1216.jpeg,45
310,849.jpeg,8
311,1074.jpeg,35
312,235.jpeg,11
313,876.jpeg,27
314,61.jpeg,10
315,852.jpeg,29
316,1157.jpeg,40
317,628.jpeg,28
318,549.jpeg,15
319,323.jpeg,46
320,879.jpeg,9
321,450.jpeg,18
322,1013.jpeg,45
323,817.jpeg,14
324,446.jpeg,19
325,468.jpeg,0
326,108.jpeg,41
327,870.jpeg,4
328,268.jpeg,0
329,212.jpeg,20
330,1234.jpeg,17
331,914.jpeg,45
332,984.jpeg,15
333,231.jpeg,3
334,1248.jpeg,35
335,59.jpeg,3
336,1317.jpeg,21
337,616.jpeg,42
338,1038.jpeg,33
339,1125.jpeg,30
340,87.jpeg,23
341,14.jpeg,38
342,501.jpeg,36
343,718.jpeg,4
344,752.jpeg,17
345,170.jpeg,49
346,416.jpeg,3
347,1263.jpeg,38
348,311.jpeg,41
349,762.jpeg,38
350,998.jpeg,39
351,509.jpeg,46
352,437.jpeg,1
353,1354.jpeg,31
354,735.jpeg,24
355,571.jpeg,24
356,1386.jpeg,38
357,400.jpeg,18
358,1148.jpeg,30
359,64.jpeg,13
360,262.jpeg,4
361,676.jpeg,44
362,363.jpeg,11
363,624.jpeg,45
364,377.jpeg,38
365,33.jpeg,7
366,647.jpeg,23
367,1026.jpeg,0
368,801.jpeg,24
369,741.jpeg,17
370,555.jpeg,0
371,466.jpeg,1
372,104.jpeg,15
373,806.jpeg,16
374,1261.jpeg,22
375,1056.jpeg,30
376,1346.jpeg,8
377,1224.jpeg,39
378,553.jpeg,4
379,1171.jpeg,17
380,1447.jpeg,11
381,1180.jpeg,17
382,216.jpeg,32
383,422.jpeg,40
384,472.jpeg,2
385,473.jpeg,8
386,942.jpeg,22
387,168.jpeg,41
388,917.jpeg,43
389,1087.jpeg,14
390,921.jpeg,46
391,131.jpeg,0
392,604.jpeg,23
393,424.jpeg,39
394,1378.jpeg,36
395,258.jpeg,17
396,1137.jpeg,45
397,715.jpeg,18
398,489.jpeg,33
399,353.jpeg,22
400,1278.jpeg,40
401,135.jpeg,33
402,1358.jpeg,19
403,1266.jpeg,45
404,1279.jpeg,24
405,1119.jpeg,6
406,1161.jpeg,31
407,982.jpeg,14
408,1251.jpeg,31
409,192.jpeg,9
410,1243.jpeg,26
411,1219.jpeg,11
412,577.jpeg,35
413,622.jpeg,1
414,387.jpeg,7
415,73.jpeg,45
416,932.jpeg,39
417,1468.jpeg,15
418,226.jpeg,30
419,533.jpeg,28
420,821.jpeg,16
421,305.jpeg,20
422,1023.jpeg,15
423,578.jpeg,12
424,1434.jpeg,16
425,899.jpeg,39
426,1022.jpeg,5
427,666.jpeg,25
428,901.jpeg,22
429,759.jpeg,33
430,1001.jpeg,13
431,1218.jpeg,41
432,463.jpeg,17
433,567.jpeg,33
434,659.jpeg,4
435,1316.jpeg,12
436,236.jpeg,8
437,1015.jpeg,3
438,1009.jpeg,47
439,263.jpeg,11
440,237.jpeg,6
441,1193.jpeg,40
442,32.jpeg,13
443,938.jpeg,9
444,813.jpeg,32
445,84.jpeg,33
446,459.jpeg,10
447,177.jpeg,14
448,848.jpeg,22
449,1086.jpeg,9
450,1372.jpeg,33
451,933.jpeg,20
452,1303.jpeg,41
453,102.jpeg,38
454,1122.jpeg,3
455,30.jpeg,14
456,748.jpeg,21
457,587.jpeg,11
458,1065.jpeg,46
459,856.jpeg,42
460,1143.jpeg,43
461,1230.jpeg,36
462,132.jpeg,17
463,757.jpeg,48
464,720.jpeg,19
465,257.jpeg,47
466,1004.jpeg,40
467,1351.jpeg,30
468,246.jpeg,31
469,355.jpeg,35
470,8.jpeg,49
471,1276.jpeg,41
472,136.jpeg,23
473,1181.jpeg,28
474,1116.jpeg,16
475,854.jpeg,30
476,778.jpeg,40
477,1462.jpeg,47
478,660.jpeg,36
479,523.jpeg,6
480,1227.jpeg,15
481,75.jpeg,38
482,127.jpeg,29
483,272.jpeg,22
484,1005.jpeg,26
485,635.jpeg,25
486,837.jpeg,37
487,1427.jpeg,46
488,1197.jpeg,7
489,1098.jpeg,40
490,560.jpeg,48
491,1420.jpeg,11
492,1301.jpeg,4
493,1385.jpeg,40
494,146.jpeg,34
495,1100.jpeg,20
496,278.jpeg,38
497,374.jpeg,10
498,726.jpeg,38
499,1268.jpeg,36
500,773.jpeg,30
501,1501.jpeg,10
502,1437.jpeg,7
503,1431.jpeg,49
504,800.jpeg,46
505,270.jpeg,34
506,313.jpeg,38
507,838.jpeg,2
508,704.jpeg,20
509,1357.jpeg,10
510,1105.jpeg,6
511,161.jpeg,5
512,462.jpeg,8
513,1177.jpeg,4
514,408.jpeg,3
515,617.jpeg,45
516,1293.jpeg,0
517,484.jpeg,22
518,789.jpeg,13
519,1225.jpeg,30
520,831.jpeg,27
521,449.jpeg,12
522,565.jpeg,8
523,1267.jpeg,19
524,609.jpeg,6
525,176.jpeg,35
526,537.jpeg,46
527,706.jpeg,8
528,1387.jpeg,5
529,1499.jpeg,26
530,183.jpeg,29
531,650.jpeg,13
532,960.jpeg,1
533,393.jpeg,41
534,1458.jpeg,5
535,28.jpeg,24
536,1075.jpeg,41
537,219.jpeg,49
538,423.jpeg,7
539,906.jpeg,12
540,772.jpeg,33
541,267.jpeg,0
542,782.jpeg,42
543,210.jpeg,40
544,969.jpeg,6
545,1389.jpeg,37
546,1471.jpeg,11
547,234.jpeg,31
548,1069.jpeg,1
549,1391.jpeg,42
550,1388.jpeg,27
551,62.jpeg,9
552,492.jpeg,36
553,1297.jpeg,23
554,1211.jpeg,40
555,1113.jpeg,6
556,859.jpeg,47
557,351.jpeg,31
558,727.jpeg,15
559,1236.jpeg,40
560,776.jpeg,19
561,730.jpeg,25
562,1082.jpeg,12
563,16.jpeg,25
564,1031.jpeg,14
565,779.jpeg,14
566,413.jpeg,21
567,261.jpeg,6
568,1310.jpeg,38
569,1257.jpeg,12
570,1077.jpeg,45
571,1464.jpeg,32
572,623.jpeg,24
573,835.jpeg,42
574,293.jpeg,37
575,903.jpeg,20
576,755.jpeg,4
577,399.jpeg,39
578,333.jpeg,13
579,348.jpeg,41
580,1404.jpeg,12
581,194.jpeg,7
582,893.jpeg,29
583,864.jpeg,41
584,218.jpeg,15
585,581.jpeg,35
586,1439.jpeg,10
587,1255.jpeg,15
588,1078.jpeg,4
589,335.jpeg,28
590,729.jpeg,22
591,585.jpeg,19
592,1215.jpeg,24
593,357.jpeg,47
594,1284.jpeg,0
595,1329.jpeg,5
596,1010.jpeg,3
597,956.jpeg,22
598,733.jpeg,24
599,868.jpeg,30
600,947.jpeg,39
601,410.jpeg,24
602,1158.jpeg,4
603,944.jpeg,10
604,1259.jpeg,9
605,636.jpeg,30
606,1145.jpeg,43
607,1341.jpeg,13
608,1319.jpeg,22
609,1320.jpeg,44
610,1374.jpeg,44
611,112.jpeg,28
612,340.jpeg,44
613,310.jpeg,24
614,925.jpeg,4
615,1103.jpeg,47
616,148.jpeg,6
617,1050.jpeg,47
618,1252.jpeg,35
619,1160.jpeg,15
620,796.jpeg,34
621,885.jpeg,7
622,1184.jpeg,18
623,1438.jpeg,26
624,546.jpeg,17
625,1152.jpeg,30
626,156.jpeg,47
627,825.jpeg,0
628,589.jpeg,10
629,739.jpeg,16
630,855.jpeg,14
631,1305.jpeg,49
632,1132.jpeg,8
633,510.jpeg,19
634,1275.jpeg,44
635,1101.jpeg,35
636,512.jpeg,36
637,467.jpeg,18
638,697.jpeg,7
639,404.jpeg,38
640,436.jpeg,21
641,1403.jpeg,6
642,916.jpeg,36
643,714.jpeg,11
644,452.jpeg,18
645,1195.jpeg,8
646,640.jpeg,13
647,771.jpeg,15
648,215.jpeg,1
649,417.jpeg,2
650,203.jpeg,27
651,761.jpeg,29
652,76.jpeg,46
653,1445.jpeg,13
654,935.jpeg,14
655,1226.jpeg,22
656,295.jpeg,10
657,511.jpeg,9
658,144.jpeg,18
659,1331.jpeg,9
660,1138.jpeg,17
661,1057.jpeg,19
662,649.jpeg,38
663,126.jpeg,15
664,92.jpeg,46
665,479.jpeg,40
666,1433.jpeg,4
667,719.jpeg,48
668,65.jpeg,47
669,352.jpeg,49
670,541.jpeg,19
671,1136.jpeg,30
672,716.jpeg,11
673,395.jpeg,23
674,896.jpeg,0
675,470.jpeg,4
676,390.jpeg,24
677,883.jpeg,47
678,113.jpeg,13
679,802.jpeg,18
680,205.jpeg,46
681,900.jpeg,11
682,642.jpeg,14
683,163.jpeg,27
684,1182.jpeg,30
685,711.jpeg,31
686,722.jpeg,5
687,325.jpeg,18
688,1150.jpeg,38
689,1472.jpeg,24
690,1062.jpeg,42
691,1189.jpeg,49
692,1292.jpeg,35
693,1079.jpeg,13
694,1071.jpeg,4
695,45.jpeg,36
696,426.jpeg,14
697,657.jpeg,22
698,559.jpeg,6
699,847.jpeg,38
700,396.jpeg,25
701,945.jpeg,5
702,1367.jpeg,37
703,306.jpeg,36
704,458.jpeg,34
705,827.jpeg,5
706,799.jpeg,24
707,878.jpeg,35
708,438.jpeg,20
709,737.jpeg,15
710,369.jpeg,44
711,637.jpeg,13
712,1411.jpeg,0
713,204.jpeg,15
714,968.jpeg,39
715,614.jpeg,29
716,1405.jpeg,42
717,1495.jpeg,9
718,930.jpeg,29
719,788.jpeg,1
720,1330.jpeg,0
721,1348.jpeg,9
722,356.jpeg,46
723,1167.jpeg,26
724,580.jpeg,36
725,137.jpeg,36
726,1295.jpeg,32
727,862.jpeg,30
728,792.jpeg,4
729,1306.jpeg,7
730,124.jpeg,26
731,247.jpeg,15
732,1466.jpeg,18
733,1364.jpeg,48
734,1362.jpeg,14
735,1144.jpeg,12
736,1491.jpeg,25
737,1017.jpeg,24
738,671.jpeg,26
739,606.jpeg,1
740,361.jpeg,43
741,51.jpeg,38
742,1406.jpeg,30
743,1355.jpeg,8
744,775.jpeg,24
745,1095.jpeg,3
746,1446.jpeg,6
747,34.jpeg,19
748,556.jpeg,6
749,1483.jpeg,21
750,519.jpeg,31
751,723.jpeg,43
752,740.jpeg,13
753,1332.jpeg,34
754,619.jpeg,15
755,1423.jpeg,40
756,280.jpeg,20
757,285.jpeg,27
758,480.jpeg,18
759,147.jpeg,26
760,1088.jpeg,32
761,1097.jpeg,0
762,389.jpeg,27
763,667.jpeg,36
764,693.jpeg,35
765,1442.jpeg,2
766,485.jpeg,39
767,694.jpeg,31
768,1039.jpeg,47
769,1260.jpeg,42
770,150.jpeg,36
771,58.jpeg,33
772,244.jpeg,2
773,63.jpeg,33
774,766.jpeg,28
775,425.jpeg,44
776,645.jpeg,9
777,1102.jpeg,45
778,345.jpeg,2
779,615.jpeg,48
780,243.jpeg,27
781,991.jpeg,3
782,359.jpeg,4
783,52.jpeg,23
784,811.jpeg,43
785,439.jpeg,39
786,260.jpeg,12
787,1258.jpeg,15
788,625.jpeg,4
789,1183.jpeg,12
790,1430.jpeg,30
791,839.jpeg,36
792,939.jpeg,30
793,1363.jpeg,35
794,1371.jpeg,34
795,419.jpeg,2
796,830.jpeg,20
797,1212.jpeg,17
798,1114.jpeg,2
799,1089.jpeg,23
800,664.jpeg,30
801,974.jpeg,22
802,220.jpeg,15
803,245.jpeg,42
804,1199.jpeg,21
805,793.jpeg,42
806,1073.jpeg,35
807,88.jpeg,33
808,187.jpeg,28
809,861.jpeg,48
810,873.jpeg,1
811,857.jpeg,22
812,1422.jpeg,19
813,17.jpeg,30
814,117.jpeg,21
815,747.jpeg,46
816,1419.jpeg,11
817,768.jpeg,1
818,441.jpeg,49
819,375.jpeg,44
820,911.jpeg,14
821,646.jpeg,42
822,1323.jpeg,42
823,1487.jpeg,46
824,94.jpeg,13
825,74.jpeg,18
826,663.jpeg,34
827,25.jpeg,24
828,1334.jpeg,3
829,1110.jpeg,42
830,570.jpeg,33
831,561.jpeg,41
832,451.jpeg,44
833,158.jpeg,40
834,1373.jpeg,41
835,1417.jpeg,5
836,1440.jpeg,17
837,178.jpeg,18
838,1204.jpeg,13
839,842.jpeg,46
840,1126.jpeg,41
841,169.jpeg,26
842,1163.jpeg,47
843,1173.jpeg,44
844,123.jpeg,40
845,902.jpeg,30
846,738.jpeg,19
847,1029.jpeg,33
848,989.jpeg,13
849,1435.jpeg,20
850,1121.jpeg,18
851,12.jpeg,26
852,1304.jpeg,28
853,884.jpeg,30
854,507.jpeg,24
855,638.jpeg,40
856,406.jpeg,24
857,596.jpeg,16
858,828.jpeg,25
859,143.jpeg,48
860,1450.jpeg,35
861,791.jpeg,27
862,1368.jpeg,39
863,292.jpeg,11
864,342.jpeg,27
865,1201.jpeg,26
866,749.jpeg,41
867,481.jpeg,28
868,201.jpeg,35
869,1461.jpeg,8
870,767.jpeg,42
871,522.jpeg,6
872,53.jpeg,27
873,494.jpeg,34
874,1478.jpeg,3
875,1165.jpeg,48
876,949.jpeg,27
877,498.jpeg,3
878,600.jpeg,23
879,963.jpeg,24
880,655.jpeg,6
881,86.jpeg,30
882,242.jpeg,6
883,1424.jpeg,34
884,173.jpeg,4
885,1376.jpeg,47
886,496.jpeg,49
887,478.jpeg,19
888,1080.jpeg,45
889,499.jpeg,29
890,1222.jpeg,30
891,288.jpeg,30
892,1186.jpeg,38
893,1415.jpeg,2
894,690.jpeg,30
895,193.jpeg,33
896,50.jpeg,5
897,760.jpeg,32
898,1096.jpeg,47
899,1011.jpeg,26
900,1400.jpeg,20
901,568.jpeg,46
902,1493.jpeg,42
903,152.jpeg,36
904,978.jpeg,41
905,80.jpeg,44
906,47.jpeg,25
907,536.jpeg,44
908,1168.jpeg,43
909,500.jpeg,49
910,992.jpeg,36
911,1246.jpeg,41
912,890.jpeg,36
913,286.jpeg,1
914,1324.jpeg,0
915,661.jpeg,11
916,1198.jpeg,46
917,431.jpeg,3
918,1392.jpeg,49
919,1154.jpeg,40
920,948.jpeg,42
921,384.jpeg,41
922,1271.jpeg,14
923,78.jpeg,14
924,40.jpeg,13
925,790.jpeg,38
926,1333.jpeg,29
927,105.jpeg,43
928,550.jpeg,6
929,455.jpeg,38
930,502.jpeg,32
931,383.jpeg,8
932,620.jpeg,26
933,895.jpeg,30
934,576.jpeg,2
935,1497.jpeg,30
936,103.jpeg,38
937,22.jpeg,39
938,307.jpeg,20
939,271.jpeg,42
940,961.jpeg,22
941,82.jpeg,35
942,321.jpeg,3
943,382.jpeg,47
944,1123.jpeg,24
945,414.jpeg,23
946,707.jpeg,3
947,543.jpeg,35
948,840.jpeg,7
949,1049.jpeg,9
950,253.jpeg,5
951,1470.jpeg,34
952,784.jpeg,39
953,70.jpeg,10
954,551.jpeg,12
955,1287.jpeg,40
956,805.jpeg,17
957,433.jpeg,14
958,304.jpeg,32
959,1294.jpeg,48
960,440.jpeg,31
961,114.jpeg,8
962,145.jpeg,35
963,681.jpeg,48
964,1178.jpeg,49
965,538.jpeg,38
966,1401.jpeg,45
967,1326.jpeg,4
968,490.jpeg,8
969,341.jpeg,2
970,1042.jpeg,35
971,1205.jpeg,22
972,1033.jpeg,7
973,765.jpeg,12
974,56.jpeg,11
975,1045.jpeg,44
976,346.jpeg,35
977,1369.jpeg,4
978,872.jpeg,7
979,594.jpeg,8
980,1429.jpeg,29
981,318.jpeg,12
982,1202.jpeg,13
983,810.jpeg,22
984,1040.jpeg,18
985,453.jpeg,8
986,138.jpeg,47
987,734.jpeg,21
988,1289.jpeg,21
989,1140.jpeg,4
990,186.jpeg,34
991,1024.jpeg,13
992,39.jpeg,40
993,107.jpeg,36
994,469.jpeg,11
995,918.jpeg,2
996,1375.jpeg,22
997,1028.jpeg,14
998,1380.jpeg,46
999,1247.jpeg,27
1000,818.jpeg,6
1001,44.jpeg,23
1002,11.jpeg,43
1003,1290.jpeg,23
1004,1428.jpeg,45
1005,898.jpeg,2
1006,4.jpeg,39
1007,1090.jpeg,36
1008,447.jpeg,36
1009,337.jpeg,26
1010,843.jpeg,28
1011,940.jpeg,29
1012,777.jpeg,47
1013,1308.jpeg,19
1014,488.jpeg,26
1015,334.jpeg,15
1016,1053.jpeg,31
1017,803.jpeg,5
1018,1003.jpeg,13
1019,1107.jpeg,28
1020,415.jpeg,24
1021,1072.jpeg,18
1022,908.jpeg,40
1023,1318.jpeg,40
1024,1426.jpeg,8
1025,962.jpeg,0
1026,750.jpeg,13
1027,1067.jpeg,32
1028,198.jpeg,10
1029,712.jpeg,17
1030,254.jpeg,11
1031,679.jpeg,39
1032,37.jpeg,25
1033,211.jpeg,36
1034,477.jpeg,0
1035,464.jpeg,8
1036,110.jpeg,26
1037,20.jpeg,8
1038,1241.jpeg,17
1039,388.jpeg,20
1040,331.jpeg,12
1041,149.jpeg,46
1042,850.jpeg,9
1043,593.jpeg,6
1044,920.jpeg,32
1045,745.jpeg,3
1046,819.jpeg,47
1047,971.jpeg,17
1048,1070.jpeg,13
1049,815.jpeg,26
1050,845.jpeg,30
1051,1129.jpeg,20
1052,1052.jpeg,7
1053,302.jpeg,27
1054,611.jpeg,32
1055,48.jpeg,16
1056,698.jpeg,19
1057,1206.jpeg,21
1058,591.jpeg,45
1059,1.jpeg,6
1060,297.jpeg,8
1061,1109.jpeg,38
1062,0.jpeg,42
1063,324.jpeg,36
1064,385.jpeg,39
1065,909.jpeg,2
1066,532.jpeg,30
1067,207.jpeg,9
1068,360.jpeg,38
1069,1489.jpeg,13
1070,483.jpeg,18
1071,1214.jpeg,38
1072,1170.jpeg,39
1073,547.jpeg,28
1074,1233.jpeg,17
1075,503.jpeg,29
1076,758.jpeg,49
1077,833.jpeg,37
1078,517.jpeg,44
1079,1213.jpeg,7
1080,1452.jpeg,18
1081,665.jpeg,29
1082,1342.jpeg,41
1083,1343.jpeg,32
1084,279.jpeg,12
1085,1000.jpeg,35
1086,1444.jpeg,28
1087,1120.jpeg,43
1088,81.jpeg,44
1089,248.jpeg,33
1090,49.jpeg,16
1091,265.jpeg,23
1092,125.jpeg,13
1093,315.jpeg,19
1094,1217.jpeg,26
1095,1242.jpeg,46
1096,179.jpeg,14
1097,320.jpeg,13
1098,1335.jpeg,9
1099,680.jpeg,32
1100,866.jpeg,8
1101,1200.jpeg,25
1102,794.jpeg,40
1103,529.jpeg,7
1104,250.jpeg,42
1105,1473.jpeg,45
1106,379.jpeg,42
1107,465.jpeg,23
1108,786.jpeg,38
1109,1041.jpeg,43
1110,1249.jpeg,9
1111,1203.jpeg,44
1112,751.jpeg,24
1113,322.jpeg,38
1114,1307.jpeg,40
1115,284.jpeg,8
1116,233.jpeg,9
1117,696.jpeg,30
1118,330.jpeg,24
1119,350.jpeg,22
1120,72.jpeg,10
1121,1436.jpeg,40
1122,1474.jpeg,9
1123,471.jpeg,19
1124,769.jpeg,23
1125,118.jpeg,39
1126,139.jpeg,30
1127,685.jpeg,23
1128,630.jpeg,40
1129,1288.jpeg,48
1130,174.jpeg,38
1131,1166.jpeg,18
1132,1068.jpeg,39
1133,1494.jpeg,2
1134,338.jpeg,14
1135,966.jpeg,40
1136,317.jpeg,30
1137,1244.jpeg,7
1138,289.jpeg,3
1139,1475.jpeg,10
1140,1370.jpeg,20
1141,119.jpeg,10
1142,1169.jpeg,35
1143,1448.jpeg,39
1144,217.jpeg,41
1145,1139.jpeg,45
1146,46.jpeg,26
1147,583.jpeg,47
1148,430.jpeg,14
1149,743.jpeg,44
1150,180.jpeg,6
1151,475.jpeg,2
1152,266.jpeg,17
1153,990.jpeg,36
1154,1381.jpeg,5
1155,558.jpeg,4
1156,454.jpeg,14
1157,93.jpeg,35
1158,1360.jpeg,38
1159,710.jpeg,5
1160,929.jpeg,47
1161,610.jpeg,34
1162,100.jpeg,18
1163,1235.jpeg,26
1164,196.jpeg,2
1165,964.jpeg,35
1166,1192.jpeg,11
1167,373.jpeg,33
1168,1409.jpeg,24
1169,672.jpeg,23
1170,1298.jpeg,11
1171,928.jpeg,20
1172,1484.jpeg,0
1173,573.jpeg,41
1174,386.jpeg,3
1175,574.jpeg,2
1176,1254.jpeg,43
1177,1273.jpeg,42
1178,965.jpeg,28
1179,675.jpeg,35
1180,877.jpeg,1
1181,1220.jpeg,7
1182,692.jpeg,8
1183,597.jpeg,17
1184,347.jpeg,30
1185,1451.jpeg,9
1186,397.jpeg,44
1187,1141.jpeg,26
1188,996.jpeg,6
1189,1064.jpeg,8
1190,493.jpeg,44
1191,1315.jpeg,13
1192,1061.jpeg,13
1193,1390.jpeg,8
1194,1350.jpeg,39
1195,1059.jpeg,7
1196,412.jpeg,9
1197,602.jpeg,3
1198,563.jpeg,4
1199,1296.jpeg,38
1200,26.jpeg,13
1201,312.jpeg,13
1202,1081.jpeg,35
1203,1463.jpeg,40
1204,586.jpeg,6
1205,1034.jpeg,33
1206,601.jpeg,15
1207,980.jpeg,28
1208,599.jpeg,23
1209,1467.jpeg,8
1210,540.jpeg,15
1211,728.jpeg,35
1212,448.jpeg,4
1213,713.jpeg,34
1214,1030.jpeg,23
1215,797.jpeg,9
1216,564.jpeg,42
1217,976.jpeg,22
1218,1283.jpeg,48
1219,699.jpeg,21
1220,986.jpeg,18
1221,227.jpeg,22
1222,366.jpeg,21
1223,77.jpeg,16
1224,411.jpeg,5
1225,316.jpeg,14
1226,677.jpeg,0
1227,1314.jpeg,13
1228,1453.jpeg,21
1229,1441.jpeg,27
1230,1112.jpeg,3
1231,18.jpeg,8
1232,528.jpeg,35
1233,1398.jpeg,5
1234,809.jpeg,18
1235,973.jpeg,45
1236,1311.jpeg,30
1237,1397.jpeg,39
1238,1156.jpeg,38
1239,309.jpeg,40
1240,182.jpeg,3
1241,495.jpeg,44
1242,66.jpeg,40
1243,1496.jpeg,12
1244,1272.jpeg,8
1245,1282.jpeg,32
1246,1146.jpeg,2
1247,613.jpeg,22
1248,644.jpeg,40
1249,1093.jpeg,6
1250,157.jpeg,4
1251,1456.jpeg,29
1252,780.jpeg,29
1253,120.jpeg,46
1254,836.jpeg,17
1255,1459.jpeg,38
1256,1007.jpeg,12
1257,1155.jpeg,44
1258,554.jpeg,10
1259,524.jpeg,34
1260,9.jpeg,30
1261,795.jpeg,32
1262,1465.jpeg,43
1263,442.jpeg,4
1264,844.jpeg,14
1265,689.jpeg,22
1266,531.jpeg,31
1267,1500.jpeg,19
1268,542.jpeg,1
1269,1382.jpeg,37
1270,937.jpeg,10
1271,43.jpeg,0
1272,159.jpeg,36
1273,24.jpeg,1
1274,277.jpeg,19
1275,1135.jpeg,14
1276,1352.jpeg,0
1277,142.jpeg,32
1278,530.jpeg,20
1279,160.jpeg,26
1280,368.jpeg,38
1281,1443.jpeg,17
1282,880.jpeg,47
1283,865.jpeg,46
1284,822.jpeg,2
1285,287.jpeg,17
1286,686.jpeg,3
1287,927.jpeg,22
1288,1490.jpeg,34
1289,21.jpeg,13
1290,1085.jpeg,10
1291,1223.jpeg,0
1292,19.jpeg,36
1293,957.jpeg,30
1294,721.jpeg,19
1295,808.jpeg,12
1296,1325.jpeg,11
1297,344.jpeg,16
1298,985.jpeg,32
1299,742.jpeg,16
1300,505.jpeg,17
1301,922.jpeg,18
1302,55.jpeg,6
1303,256.jpeg,46
1304,392.jpeg,14
1305,632.jpeg,4
1306,521.jpeg,20
1307,1130.jpeg,30
1308,732.jpeg,0
1309,934.jpeg,16
1310,1037.jpeg,9
1311,332.jpeg,20
1312,167.jpeg,25
1313,427.jpeg,10
1314,946.jpeg,40
1315,1091.jpeg,8
1316,294.jpeg,39
1317,955.jpeg,14
1318,164.jpeg,30
1319,91.jpeg,7
1320,823.jpeg,39
1321,89.jpeg,5
1322,1025.jpeg,26
1323,1127.jpeg,25
1324,339.jpeg,18
1325,1379.jpeg,42
1326,1421.jpeg,8
1327,897.jpeg,41
1328,222.jpeg,31
1329,394.jpeg,9
1330,1131.jpeg,35
1331,1164.jpeg,27
1332,129.jpeg,40
1333,99.jpeg,6
1334,2.jpeg,14
1335,834.jpeg,40
1336,1083.jpeg,31
1337,958.jpeg,16
1338,1124.jpeg,44
1339,1063.jpeg,16
1340,1147.jpeg,4
1341,249.jpeg,36
1342,274.jpeg,1
1343,1394.jpeg,3
1344,1399.jpeg,5
1345,1092.jpeg,49
1346,1209.jpeg,0
1347,1228.jpeg,24
1348,701.jpeg,12
1349,259.jpeg,19
1350,544.jpeg,23
1351,764.jpeg,49
1352,904.jpeg,27
1353,300.jpeg,18
1354,994.jpeg,12
1355,255.jpeg,35
1356,68.jpeg,17
1357,1345.jpeg,21
1358,626.jpeg,38
1359,746.jpeg,44
1360,652.jpeg,12
1361,668.jpeg,25
1362,482.jpeg,31
1363,171.jpeg,3
1364,209.jpeg,36
1365,1349.jpeg,20
1366,474.jpeg,45
1367,993.jpeg,8
1368,213.jpeg,44
1369,3.jpeg,14
1370,526.jpeg,39
1371,298.jpeg,22
1372,1133.jpeg,42
1373,888.jpeg,6
1374,1410.jpeg,42
1375,1185.jpeg,2
1376,444.jpeg,6
1377,598.jpeg,17
1378,115.jpeg,16
1379,1159.jpeg,35
1380,832.jpeg,25
1381,1014.jpeg,38
1382,891.jpeg,25
1383,824.jpeg,29
1384,116.jpeg,19
1385,1153.jpeg,12
1386,539.jpeg,8
1387,579.jpeg,49
1388,228.jpeg,16
1389,618.jpeg,46
1390,362.jpeg,41
1391,1366.jpeg,47
1392,251.jpeg,25
1393,709.jpeg,15
1394,445.jpeg,18
1395,398.jpeg,26
1396,299.jpeg,32
1397,669.jpeg,46
1398,429.jpeg,26
1399,970.jpeg,24
1400,1238.jpeg,7
1401,653.jpeg,13
1402,673.jpeg,7
1403,1328.jpeg,42
1404,409.jpeg,32
1405,327.jpeg,25
1406,1285.jpeg,44
1407,199.jpeg,37
1408,195.jpeg,10
1409,1408.jpeg,10
1410,240.jpeg,33
1411,13.jpeg,38
1412,23.jpeg,24
1413,858.jpeg,26
1414,975.jpeg,7
1415,774.jpeg,21
1416,869.jpeg,35
1417,687.jpeg,39
1418,1002.jpeg,30
1419,476.jpeg,48
1420,190.jpeg,24
1421,807.jpeg,12
1422,871.jpeg,6
1423,1469.jpeg,26
1424,31.jpeg,38
1425,629.jpeg,42
1426,703.jpeg,19
1427,301.jpeg,24
1428,27.jpeg,16
1429,486.jpeg,16
1430,954.jpeg,15
1431,241.jpeg,6
1432,456.jpeg,4
1433,1172.jpeg,34
1434,276.jpeg,13
1435,239.jpeg,20
1436,504.jpeg,13
1437,367.jpeg,16
1438,1418.jpeg,0
1439,1019.jpeg,49
1440,702.jpeg,41
1441,534.jpeg,36
1442,349.jpeg,36
1443,391.jpeg,5
1444,1353.jpeg,28
1445,785.jpeg,36
1446,407.jpeg,29
1447,296.jpeg,12
1448,905.jpeg,43
1449,1432.jpeg,27
1450,67.jpeg,8
1451,1099.jpeg,14
1452,36.jpeg,20
1453,931.jpeg,16
1454,1396.jpeg,24
1455,378.jpeg,6
1456,936.jpeg,44
1457,1457.jpeg,0
1458,229.jpeg,27
1459,826.jpeg,17
1460,506.jpeg,9
1461,1502.jpeg,10
1462,1281.jpeg,31
1463,151.jpeg,3
1464,491.jpeg,28
1465,912.jpeg,16
1466,1106.jpeg,20
1467,1402.jpeg,32
1468,882.jpeg,16
1469,688.jpeg,21
1470,35.jpeg,34
1471,1046.jpeg,24
1472,1117.jpeg,38
1473,1359.jpeg,27
1474,648.jpeg,9
1475,923.jpeg,19
1476,926.jpeg,22
1477,853.jpeg,18
1478,303.jpeg,1
1479,1481.jpeg,8
1480,1142.jpeg,24
1481,188.jpeg,23
1482,420.jpeg,15
1483,1300.jpeg,4
1484,717.jpeg,48
1485,319.jpeg,36
1486,7.jpeg,0
1487,1044.jpeg,32
1488,846.jpeg,28
1489,562.jpeg,33
1490,403.jpeg,10
1491,1274.jpeg,40
1492,1187.jpeg,29
1493,829.jpeg,47
1494,221.jpeg,15
1495,987.jpeg,36
1496,1262.jpeg,26
1497,85.jpeg,18
1498,887.jpeg,45
1499,1486.jpeg,23
1500,545.jpeg,34
1501,603.jpeg,10
1502,336.jpeg,21
